{
    "base_url":"https://www.instagram.com/",
    "username":"dcexam",
    "password":"duuR87J#.ijFWvh",
    "searchHashtags":["videogames", "space", "cars"],
    "fill_like":"#ed4956",
    "text_subscription":"Abonné(e)",
    "settings":{
        "headless":false,
        "max_amount_publications":9
    },
    "selectors":{
        "username_field":"input[name='username']",
        "password_field":"input[name='password'",
        "login_button":"button[type='submit']",
        "register_login_later":"#react-root > section > main > div > div > div > div > button",
        "activate_notification_later":"body > div > div > div > div > div > button",
        "list_publication":"#react-root > section > main > article > div > div > div > div:nth-child(1) > div:nth-child(1)",
        "next_button":"body > div > div > div > div > a",
        "like_button":"body > div > div > div > article > div > section > span > button > div > span > svg",
        "list_username":"body > div > div > div > article > header > div > div > div > span > a",
        "subscribe_button":"body > div > div > div > article > header > div > div > div > button"
    }
}