{
    "base_url":"https://github.com",
    "username":"dilys27",
    "password":"denticulis-aggravor-aerio3-ponetis9@",
    "searchUsername":"john",
    "settings":{
        "headless":false,
        "max_amount_pages":10
    },
    "selectors":{
        "home_to_login_button":"a[href='/login']",
        "username_field":"input[name='login']",
        "password_field":"input[name='password'",
        "login_button":"input[type='submit']",
        "list_username":"#user_search_results > div > div:nth-child(INDEX) > div > div:nth-child(1) > div > a",
        "list_email":"#user_search_results > div > div:nth-child(INDEX) > div > div > div:nth-child(2) > a",
        "length_selector":"user-list-item"
    }
}